ph,Hardness,Solids,Chloramines,Sulfate,Conductivity,Organic_carbon,Trihalomethanes,Turbidity,Potability
7.599824,100.204993,1500.813653,0.106036,100.34405,150.715027,5.929536,10.500778,0.445756,1
7,120,10000,1,200,200,10,50,1,1
7.2,110,12000,2.5,250,180,12,30,2,1
7.1,130,15000,0.8,150,120,5,15,0.5,1
7.05,105,13000,0.2,120,150,7,12,0.8,1
