ph,Hardness,Solids,Chloramines,Sulfate,Conductivity,Organic_carbon,Trihalomethanes,Turbidity,Potability
7.119824384264552,156.70499334039215,18730.813653342717,3.60603609050572,282.3440504739606,347.71502726194376,15.9295359088257,79.5007783369744,3.445756223321899,0
6.347271760539316,186.73288066057611,41065.23476453935,9.629596276480584,364.4876872467604,516.743281893657,11.53978119153942,75.07161728663777,4.376348290691898,0
9.181560007151536,273.81380665980095,24041.32628006128,6.904989726470096,398.3505168222779,477.9746418621779,13.387340780225545,71.4573622129516,4.503660796179122,0
7.371050302429531,214.49661045715655,25630.320036999725,4.432669290372123,335.75443859606526,469.9145514792359,12.509163940498697,62.79727715266126,2.5602991476149146,0
6.660212026118103,168.28374685651832,30944.363591242687,5.858769130547582,310.93085831787846,523.6712975009444,17.88423519296481,77.0423180517003,3.7497012410996176,0
